{
  "closed": "left",
  "cut_points": {
    "AGE": [
      33.0,
      36.5,
      55.0,
      56.5,
      59.5,
      69.5,
      74.0
    ],
    "BILIRUBIN": [
      0.45,
      0.55,
      0.65,
      1.75,
      1.8,
      1.9,
      2.6,
      2.95,
      3.7
    ],
    "ALK_PHOSPHATE": [
      78.0,
      157.5,
      170.5,
      218.5
    ],
    "SGOT": [
      30.5
    ],
    "ALBUMIN": [
      2.5,
      2.85,
      3.35,
      3.65,
      3.7,
      3.85,
      3.95
    ],
    "PROTIME": [
      44.5,
      46.5
    ]
  }
}