{
  "closed": "left",
  "cut_points": {
    "AGE": [
      28.5,
      36.5,
      37.5,
      44.5,
      55.0
    ],
    "BILIRUBIN": [
      0.45,
      0.55,
      0.65,
      1.35,
      1.8,
      1.85,
      2.55,
      2.95,
      3.7
    ],
    "ALK_PHOSPHATE": [
      78.0,
      229.0,
      268.0
    ],
    "SGOT": [
      22.0,
      23.5,
      29.0,
      255.5
    ],
    "ALBUMIN": [
      2.65,
      2.9,
      3.65,
      3.85
    ],
    "PROTIME": [
      14.5,
      44.5,
      50.5
    ]
  }
}