{
  "closed": "left",
  "cut_points": {
    "AGE": [
      32.5,
      37.5,
      38.5,
      40.5,
      55.0,
      60.5
    ],
    "BILIRUBIN": [
      0.45,
      0.55,
      0.65,
      1.1,
      1.8,
      1.85,
      2.25,
      3.25,
      3.7
    ],
    "ALK_PHOSPHATE": [
      229.0,
      -Infinity
    ],
    "SGOT": [
      28.5,
      255.5
    ],
    "ALBUMIN": [
      2.65,
      2.85,
      3.65,
      3.85,
      4.15
    ],
    "PROTIME": [
      44.5,
      50.5,
      58.0,
      87.5,
      -Infinity
    ]
  }
}